seq,stamp,id,own_id,x,y,z,distance
0,1758722388.455789134,31,170,515.681,-388.195,2482.46,2565,
0,1758722388.475855069,31,170,511.862,-385.319,2464.07,2546,
0,1758722388.495800799,31,170,510.052,-383.957,2455.36,2537,
0,1758722388.515938064,31,170,510.052,-383.957,2455.36,2537,
0,1758722388.535821019,31,170,511.862,-385.319,2464.07,2546,
0,1758722388.555821062,31,170,515.681,-388.195,2482.46,2565,
0,1758722388.575831379,31,170,511.057,-384.714,2460.2,2542,
0,1758722388.595782555,31,170,512.867,-386.076,2468.91,2551,
0,1758722388.615845027,31,170,514.676,-387.438,2477.62,2560,
0,1758722388.635956390,31,170,514.676,-387.438,2477.62,2560,
0,1758722388.655761156,31,170,513.872,-386.833,2473.75,2556,
0,1758722388.675748199,31,170,519.501,-391.07,2500.85,2584,
0,1758722388.695870000,31,170,518.496,-390.314,2496.01,2579,
0,1758722388.715894121,31,170,518.496,-390.314,2496.01,2579,
0,1758722388.736037413,31,170,517.692,-389.708,2492.14,2575,
0,1758722388.755825748,31,170,513.872,-386.833,2473.75,2556,
0,1758722388.775860085,31,170,513.872,-386.833,2473.75,2556,
0,1758722388.795906647,31,170,511.862,-385.319,2464.07,2546,
0,1758722388.815860180,31,170,512.867,-386.076,2468.91,2551,
0,1758722388.835967798,31,170,518.496,-390.314,2496.01,2579,
0,1758722388.855773200,31,170,514.676,-387.438,2477.62,2560,
0,1758722388.875914967,31,170,511.862,-385.319,2464.07,2546,
0,1758722388.895880743,31,170,512.867,-386.076,2468.91,2551,
0,1758722388.915850602,31,170,515.681,-388.195,2482.46,2565,
0,1758722388.935924482,31,170,512.867,-386.076,2468.91,2551,
0,1758722388.955829672,31,170,512.867,-386.076,2468.91,2551,
0,1758722388.975854690,31,170,520.506,-391.827,2505.69,2589,
0,1758722388.995859432,31,170,511.057,-384.714,2460.2,2542,
0,1758722389.15858619,31,170,516.687,-388.952,2487.3,2570,
0,1758722389.35874258,31,170,516.687,-388.952,2487.3,2570,
0,1758722389.55878769,31,170,519.501,-391.07,2500.85,2584,
0,1758722389.75813665,31,170,511.862,-385.319,2464.07,2546,
0,1758722389.95803598,31,170,517.692,-389.708,2492.14,2575,
0,1758722389.115798136,31,170,518.496,-390.314,2496.01,2579,
0,1758722389.135908385,31,170,515.681,-388.195,2482.46,2565,
0,1758722389.155824295,31,170,516.687,-388.952,2487.3,2570,
0,1758722389.175847555,31,170,518.496,-390.314,2496.01,2579,
0,1758722389.195890201,31,170,511.057,-384.714,2460.2,2542,
0,1758722389.215917601,31,170,514.676,-387.438,2477.62,2560,
0,1758722389.235975390,31,170,513.872,-386.833,2473.75,2556,
0,1758722389.255778772,31,170,517.692,-389.708,2492.14,2575,
0,1758722389.275876251,31,170,513.872,-386.833,2473.75,2556,
0,1758722389.295909623,31,170,513.872,-386.833,2473.75,2556,
0,1758722389.315895830,31,170,517.692,-389.708,2492.14,2575,
0,1758722389.335957271,31,170,511.862,-385.319,2464.07,2546,
0,1758722389.355838059,31,170,511.862,-385.319,2464.07,2546,
0,1758722389.375849347,31,170,516.687,-388.952,2487.3,2570,
0,1758722389.395911278,31,170,510.052,-383.957,2455.36,2537,
0,1758722389.415873511,31,170,511.057,-384.714,2460.2,2542,
0,1758722389.435922320,31,170,511.862,-385.319,2464.07,2546,
0,1758722389.455862791,31,170,518.496,-390.314,2496.01,2579,
0,1758722389.475911896,31,170,513.872,-386.833,2473.75,2556,
0,1758722389.495863752,31,170,517.692,-389.708,2492.14,2575,
0,1758722389.515944870,31,170,515.681,-388.195,2482.46,2565,
0,1758722389.535883413,31,170,518.496,-390.314,2496.01,2579,
0,1758722389.555791820,31,170,518.496,-390.314,2496.01,2579,
0,1758722389.575869000,31,170,519.501,-391.07,2500.85,2584,
0,1758722389.595805001,31,170,515.681,-388.195,2482.46,2565,
0,1758722389.615763717,31,170,513.872,-386.833,2473.75,2556,
0,1758722389.635751668,31,170,519.501,-391.07,2500.85,2584,
0,1758722389.655724748,31,170,518.496,-390.314,2496.01,2579,
0,1758722389.675869977,31,170,519.501,-391.07,2500.85,2584,
0,1758722389.695821243,31,170,513.872,-386.833,2473.75,2556,
0,1758722389.715835081,31,170,514.676,-387.438,2477.62,2560,
0,1758722389.736027070,31,170,512.867,-386.076,2468.91,2551,
0,1758722389.755910395,31,170,520.506,-391.827,2505.69,2589,
0,1758722389.775934467,31,170,515.681,-388.195,2482.46,2565,
0,1758722389.795841109,31,170,514.676,-387.438,2477.62,2560,
0,1758722389.815911978,31,170,514.676,-387.438,2477.62,2560,
0,1758722389.835840360,31,170,519.501,-391.07,2500.85,2584,
0,1758722389.855786379,31,170,513.872,-386.833,2473.75,2556,
0,1758722389.875824471,31,170,520.506,-391.827,2505.69,2589,
0,1758722389.895859111,31,170,511.057,-384.714,2460.2,2542,
0,1758722389.915879702,31,170,514.676,-387.438,2477.62,2560,
0,1758722389.935815687,31,170,520.506,-391.827,2505.69,2589,
0,1758722389.955807670,31,170,510.052,-383.957,2455.36,2537,
0,1758722389.975842992,31,170,518.496,-390.314,2496.01,2579,
0,1758722389.995869972,31,170,519.501,-391.07,2500.85,2584,
0,1758722390.15873770,31,170,512.867,-386.076,2468.91,2551,
0,1758722390.35874043,31,170,519.501,-391.07,2500.85,2584,
0,1758722390.55806137,31,170,512.867,-386.076,2468.91,2551,
0,1758722390.75846787,31,170,512.867,-386.076,2468.91,2551,
0,1758722390.95880336,31,170,517.692,-389.708,2492.14,2575,
0,1758722390.115902422,31,170,517.692,-389.708,2492.14,2575,
0,1758722390.135872245,31,170,518.496,-390.314,2496.01,2579,
0,1758722390.155859837,31,170,517.692,-389.708,2492.14,2575,
0,1758722390.175838264,31,170,516.687,-388.952,2487.3,2570,
0,1758722390.195892597,31,170,514.676,-387.438,2477.62,2560,
0,1758722390.215831737,31,170,511.057,-384.714,2460.2,2542,
0,1758722390.235903478,31,170,517.692,-389.708,2492.14,2575,
0,1758722390.255861542,31,170,515.681,-388.195,2482.46,2565,
0,1758722390.275812118,31,170,518.496,-390.314,2496.01,2579,
0,1758722390.295886988,31,170,515.681,-388.195,2482.46,2565,
0,1758722390.315819728,31,170,511.862,-385.319,2464.07,2546,
0,1758722390.335877139,31,170,511.862,-385.319,2464.07,2546,
0,1758722390.355914186,31,170,517.692,-389.708,2492.14,2575,
0,1758722390.375802243,31,170,517.692,-389.708,2492.14,2575,
0,1758722390.395849492,31,170,516.687,-388.952,2487.3,2570,
0,1758722390.415859848,31,170,511.057,-384.714,2460.2,2542,
0,1758722390.435972269,31,170,515.681,-388.195,2482.46,2565,
0,1758722390.455808108,31,170,513.872,-386.833,2473.75,2556,
0,1758722390.475812722,31,170,511.862,-385.319,2464.07,2546,
0,1758722390.495862017,31,170,512.867,-386.076,2468.91,2551,
0,1758722390.515881554,31,170,514.676,-387.438,2477.62,2560,
0,1758722390.535871580,31,170,515.681,-388.195,2482.46,2565,
0,1758722390.555983051,31,170,513.872,-386.833,2473.75,2556,
0,1758722390.575799691,31,170,516.687,-388.952,2487.3,2570,
0,1758722390.595863862,31,170,516.687,-388.952,2487.3,2570,
0,1758722390.615839420,31,170,516.687,-388.952,2487.3,2570,
0,1758722390.635814957,31,170,518.496,-390.314,2496.01,2579,
0,1758722390.655880609,31,170,519.501,-391.07,2500.85,2584,
0,1758722390.675804062,31,170,515.681,-388.195,2482.46,2565,
0,1758722390.695856432,31,170,512.867,-386.076,2468.91,2551,
0,1758722390.715876444,31,170,520.506,-391.827,2505.69,2589,
0,1758722390.735833737,31,170,516.687,-388.952,2487.3,2570,
0,1758722390.755836021,31,170,513.872,-386.833,2473.75,2556,
0,1758722390.775753921,31,170,514.676,-387.438,2477.62,2560,
0,1758722390.795867583,31,170,512.867,-386.076,2468.91,2551,
0,1758722390.815805063,31,170,512.867,-386.076,2468.91,2551,
0,1758722390.835781094,31,170,512.867,-386.076,2468.91,2551,
0,1758722390.855884691,31,170,512.867,-386.076,2468.91,2551,
0,1758722390.875714886,31,170,513.872,-386.833,2473.75,2556,
0,1758722390.895754418,31,170,518.496,-390.314,2496.01,2579,
0,1758722390.915772499,31,170,514.676,-387.438,2477.62,2560,
0,1758722390.935761611,31,170,511.862,-385.319,2464.07,2546,
0,1758722390.955741739,31,170,512.867,-386.076,2468.91,2551,
0,1758722390.975744630,31,170,511.057,-384.714,2460.2,2542,
0,1758722390.995792831,31,170,511.862,-385.319,2464.07,2546,
0,1758722391.15756511,31,170,512.867,-386.076,2468.91,2551,
0,1758722391.35758225,31,170,517.692,-389.708,2492.14,2575,
0,1758722391.55752283,31,170,515.681,-388.195,2482.46,2565,
0,1758722391.75737365,31,170,514.676,-387.438,2477.62,2560,
0,1758722391.95754421,31,170,514.676,-387.438,2477.62,2560,
0,1758722391.115736495,31,170,514.676,-387.438,2477.62,2560,
0,1758722391.135723413,31,170,516.687,-388.952,2487.3,2570,
0,1758722391.155761818,31,170,512.867,-386.076,2468.91,2551,
0,1758722391.175741055,31,170,515.681,-388.195,2482.46,2565,
0,1758722391.195733328,31,170,517.692,-389.708,2492.14,2575,
0,1758722391.215746971,31,170,517.692,-389.708,2492.14,2575,
0,1758722391.235756210,31,170,514.676,-387.438,2477.62,2560,
0,1758722391.255754554,31,170,518.496,-390.314,2496.01,2579,
0,1758722391.275716360,31,170,517.692,-389.708,2492.14,2575,
0,1758722391.295717198,31,170,523.321,-393.946,2519.24,2603,
0,1758722391.315725717,31,170,511.862,-385.319,2464.07,2546,
0,1758722391.335713042,31,170,515.681,-388.195,2482.46,2565,
0,1758722391.355687801,31,170,513.872,-386.833,2473.75,2556,
0,1758722391.375697635,31,170,513.872,-386.833,2473.75,2556,
0,1758722391.395828254,31,170,517.692,-389.708,2492.14,2575,
0,1758722391.415900163,31,170,521.311,-392.433,2509.56,2593,
0,1758722391.435870817,31,170,511.057,-384.714,2460.2,2542,
0,1758722391.456251259,31,170,515.681,-388.195,2482.46,2565,
0,1758722391.475982659,31,170,518.496,-390.314,2496.01,2579,
0,1758722391.495852665,31,170,513.872,-386.833,2473.75,2556,
0,1758722391.515883261,31,170,519.501,-391.07,2500.85,2584,
0,1758722391.535770565,31,170,513.872,-386.833,2473.75,2556,
0,1758722391.555865123,31,170,516.687,-388.952,2487.3,2570,
0,1758722391.575774514,31,170,512.867,-386.076,2468.91,2551,
0,1758722391.595778561,31,170,518.496,-390.314,2496.01,2579,
0,1758722391.615765931,31,170,512.867,-386.076,2468.91,2551,
0,1758722391.635887882,31,170,512.867,-386.076,2468.91,2551,
0,1758722391.655879330,31,170,518.496,-390.314,2496.01,2579,
0,1758722391.675792505,31,170,512.867,-386.076,2468.91,2551,
0,1758722391.695810580,31,170,515.681,-388.195,2482.46,2565,
0,1758722391.715835734,31,170,510.052,-383.957,2455.36,2537,
0,1758722391.735886483,31,170,518.496,-390.314,2496.01,2579,
0,1758722391.755860944,31,170,512.867,-386.076,2468.91,2551,
0,1758722391.775817715,31,170,516.687,-388.952,2487.3,2570,
0,1758722391.795822094,31,170,516.687,-388.952,2487.3,2570,
0,1758722391.815854198,31,170,517.692,-389.708,2492.14,2575,
0,1758722391.835831963,31,170,513.872,-386.833,2473.75,2556,
0,1758722391.855856972,31,170,517.692,-389.708,2492.14,2575,
0,1758722391.875801769,31,170,518.496,-390.314,2496.01,2579,
0,1758722391.895780308,31,170,518.496,-390.314,2496.01,2579,
0,1758722391.915817563,31,170,515.681,-388.195,2482.46,2565,
0,1758722391.935873660,31,170,512.867,-386.076,2468.91,2551,
0,1758722391.955761470,31,170,514.676,-387.438,2477.62,2560,
0,1758722391.975830161,31,170,515.681,-388.195,2482.46,2565,
0,1758722391.995858257,31,170,516.687,-388.952,2487.3,2570,
0,1758722392.15812574,31,170,516.687,-388.952,2487.3,2570,
0,1758722392.35825733,31,170,515.681,-388.195,2482.46,2565,
0,1758722392.55871989,31,170,512.867,-386.076,2468.91,2551,
0,1758722392.75810089,31,170,511.862,-385.319,2464.07,2546,
0,1758722392.95824573,31,170,513.872,-386.833,2473.75,2556,
0,1758722392.115849141,31,170,513.872,-386.833,2473.75,2556,
0,1758722392.135760586,31,170,513.872,-386.833,2473.75,2556,
0,1758722392.155860690,31,170,513.872,-386.833,2473.75,2556,
0,1758722392.175837570,31,170,520.506,-391.827,2505.69,2589,
0,1758722392.195859760,31,170,516.687,-388.952,2487.3,2570,
0,1758722392.215851367,31,170,513.872,-386.833,2473.75,2556,
0,1758722392.235858335,31,170,512.867,-386.076,2468.91,2551,
0,1758722392.255866157,31,170,511.862,-385.319,2464.07,2546,
0,1758722392.275837879,31,170,511.862,-385.319,2464.07,2546,
0,1758722392.295833836,31,170,512.867,-386.076,2468.91,2551,
0,1758722392.315861070,31,170,518.496,-390.314,2496.01,2579,
0,1758722392.335960337,31,170,511.862,-385.319,2464.07,2546,
0,1758722392.355869802,31,170,513.872,-386.833,2473.75,2556,
0,1758722392.375880656,31,170,512.867,-386.076,2468.91,2551,
0,1758722392.395840244,31,170,514.676,-387.438,2477.62,2560,
0,1758722392.415862248,31,170,514.676,-387.438,2477.62,2560,
0,1758722392.435983002,31,170,512.867,-386.076,2468.91,2551,
0,1758722392.455886675,31,170,515.681,-388.195,2482.46,2565,
0,1758722392.475784825,31,170,511.862,-385.319,2464.07,2546,
0,1758722392.495812531,31,170,515.681,-388.195,2482.46,2565,
0,1758722392.515856428,31,170,513.872,-386.833,2473.75,2556,
0,1758722392.535973059,31,170,511.057,-384.714,2460.2,2542,
0,1758722392.555869825,31,170,512.867,-386.076,2468.91,2551,
0,1758722392.575817417,31,170,511.057,-384.714,2460.2,2542,
0,1758722392.595803081,31,170,513.872,-386.833,2473.75,2556,
0,1758722392.615875533,31,170,518.496,-390.314,2496.01,2579,
0,1758722392.635914428,31,170,517.692,-389.708,2492.14,2575,
0,1758722392.655800046,31,170,518.496,-390.314,2496.01,2579,
0,1758722392.675874551,31,170,518.496,-390.314,2496.01,2579,
0,1758722392.695784379,31,170,515.681,-388.195,2482.46,2565,
0,1758722392.715801297,31,170,514.676,-387.438,2477.62,2560,
0,1758722392.735753793,31,170,511.057,-384.714,2460.2,2542,
0,1758722392.755758766,31,170,516.687,-388.952,2487.3,2570,
0,1758722392.775804944,31,170,512.867,-386.076,2468.91,2551,
0,1758722392.795720787,31,170,519.501,-391.07,2500.85,2584,
0,1758722392.815916983,31,170,514.676,-387.438,2477.62,2560,
0,1758722392.835779549,31,170,515.681,-388.195,2482.46,2565,
0,1758722392.855791311,31,170,516.687,-388.952,2487.3,2570,
0,1758722392.875956689,31,170,513.872,-386.833,2473.75,2556,
0,1758722392.895786537,31,170,512.867,-386.076,2468.91,2551,
0,1758722392.915798240,31,170,514.676,-387.438,2477.62,2560,
0,1758722392.935785916,31,170,514.676,-387.438,2477.62,2560,
0,1758722392.955803217,31,170,512.867,-386.076,2468.91,2551,
0,1758722392.975749358,31,170,510.052,-383.957,2455.36,2537,
0,1758722392.995768581,31,170,517.692,-389.708,2492.14,2575,
0,1758722393.15800777,31,170,514.676,-387.438,2477.62,2560,
0,1758722393.35747887,31,170,516.687,-388.952,2487.3,2570,
0,1758722393.55879812,31,170,509.047,-383.201,2450.52,2532,
0,1758722393.75720239,31,170,516.687,-388.952,2487.3,2570,
0,1758722393.95725117,31,170,518.496,-390.314,2496.01,2579,
0,1758722393.115850127,31,170,513.872,-386.833,2473.75,2556,
0,1758722393.135939113,31,170,512.867,-386.076,2468.91,2551,
0,1758722393.155934143,31,170,515.681,-388.195,2482.46,2565,
0,1758722393.176427853,31,170,512.867,-386.076,2468.91,2551,
0,1758722393.195931534,31,170,512.867,-386.076,2468.91,2551,
0,1758722393.215979800,31,170,511.862,-385.319,2464.07,2546,
0,1758722393.235895266,31,170,517.692,-389.708,2492.14,2575,
0,1758722393.255819633,31,170,512.867,-386.076,2468.91,2551,
0,1758722393.275837267,31,170,511.862,-385.319,2464.07,2546,
0,1758722393.295753302,31,170,514.676,-387.438,2477.62,2560,
0,1758722393.315848535,31,170,514.676,-387.438,2477.62,2560,
0,1758722393.335878963,31,170,513.872,-386.833,2473.75,2556,
0,1758722393.355799202,31,170,514.676,-387.438,2477.62,2560,
0,1758722393.375933346,31,170,514.676,-387.438,2477.62,2560,
0,1758722393.395845101,31,170,513.872,-386.833,2473.75,2556,
0,1758722393.415850024,31,170,518.496,-390.314,2496.01,2579,
0,1758722393.435773714,31,170,514.676,-387.438,2477.62,2560,
0,1758722393.455907183,31,170,514.676,-387.438,2477.62,2560,
0,1758722393.475888711,31,170,513.872,-386.833,2473.75,2556,
0,1758722393.495805648,31,170,516.687,-388.952,2487.3,2570,
0,1758722393.515803943,31,170,511.862,-385.319,2464.07,2546,
0,1758722393.535810609,31,170,511.057,-384.714,2460.2,2542,
0,1758722393.555914630,31,170,516.687,-388.952,2487.3,2570,
0,1758722393.575873167,31,170,509.047,-383.201,2450.52,2532,
0,1758722393.595860524,31,170,515.681,-388.195,2482.46,2565,
0,1758722393.615876824,31,170,512.867,-386.076,2468.91,2551,
0,1758722393.635892931,31,170,513.872,-386.833,2473.75,2556,
0,1758722393.655878729,31,170,516.687,-388.952,2487.3,2570,
0,1758722393.675882793,31,170,516.687,-388.952,2487.3,2570,
0,1758722393.695882450,31,170,513.872,-386.833,2473.75,2556,
0,1758722393.715831586,31,170,513.872,-386.833,2473.75,2556,
0,1758722393.735778647,31,170,513.872,-386.833,2473.75,2556,
0,1758722393.755916980,31,170,513.872,-386.833,2473.75,2556,
0,1758722393.775877603,31,170,511.057,-384.714,2460.2,2542,
0,1758722393.795817446,31,170,514.676,-387.438,2477.62,2560,
0,1758722393.815801496,31,170,516.687,-388.952,2487.3,2570,
0,1758722393.835912445,31,170,517.692,-389.708,2492.14,2575,
0,1758722393.855908238,31,170,511.862,-385.319,2464.07,2546,
0,1758722393.875863926,31,170,517.692,-389.708,2492.14,2575,
0,1758722393.895840851,31,170,516.687,-388.952,2487.3,2570,
0,1758722393.915844429,31,170,515.681,-388.195,2482.46,2565,
0,1758722393.935880028,31,170,511.862,-385.319,2464.07,2546,
0,1758722393.955831958,31,170,513.872,-386.833,2473.75,2556,
0,1758722393.975912492,31,170,513.872,-386.833,2473.75,2556,
0,1758722393.995810401,31,170,514.676,-387.438,2477.62,2560,
0,1758722394.15870613,31,170,517.692,-389.708,2492.14,2575,
0,1758722394.35853165,31,170,516.687,-388.952,2487.3,2570,
0,1758722394.55849720,31,170,511.057,-384.714,2460.2,2542,
0,1758722394.75877117,31,170,511.862,-385.319,2464.07,2546,
0,1758722394.95845405,31,170,509.047,-383.201,2450.52,2532,
0,1758722394.115855642,31,170,511.862,-385.319,2464.07,2546,
0,1758722394.135766911,31,170,512.867,-386.076,2468.91,2551,
0,1758722394.155908109,31,170,514.676,-387.438,2477.62,2560,
0,1758722394.175940065,31,170,518.496,-390.314,2496.01,2579,
0,1758722394.195870199,31,170,516.687,-388.952,2487.3,2570,
0,1758722394.215872764,31,170,515.681,-388.195,2482.46,2565,
0,1758722394.235803545,31,170,515.681,-388.195,2482.46,2565,
0,1758722394.255880459,31,170,512.867,-386.076,2468.91,2551,
0,1758722394.275954443,31,170,511.057,-384.714,2460.2,2542,
0,1758722394.295956720,31,170,512.867,-386.076,2468.91,2551,
0,1758722394.315907144,31,170,517.692,-389.708,2492.14,2575,
0,1758722394.335787798,31,170,511.057,-384.714,2460.2,2542,
0,1758722394.355873427,31,170,510.052,-383.957,2455.36,2537,
0,1758722394.375827408,31,170,511.862,-385.319,2464.07,2546,
0,1758722394.395824135,31,170,512.867,-386.076,2468.91,2551,
0,1758722394.415863309,31,170,518.496,-390.314,2496.01,2579,
0,1758722394.435916712,31,170,511.862,-385.319,2464.07,2546,
0,1758722394.455904912,31,170,515.681,-388.195,2482.46,2565,
0,1758722394.475911691,31,170,513.872,-386.833,2473.75,2556,
0,1758722394.495985711,31,170,513.872,-386.833,2473.75,2556,
0,1758722394.515861080,31,170,513.872,-386.833,2473.75,2556,
0,1758722394.535915372,31,170,514.676,-387.438,2477.62,2560,
0,1758722394.555872415,31,170,511.057,-384.714,2460.2,2542,
0,1758722394.575808242,31,170,514.676,-387.438,2477.62,2560,
0,1758722394.595837776,31,170,511.057,-384.714,2460.2,2542,
0,1758722394.615804168,31,170,511.862,-385.319,2464.07,2546,
0,1758722394.635859930,31,170,511.862,-385.319,2464.07,2546,
0,1758722394.655843954,31,170,513.872,-386.833,2473.75,2556,
0,1758722394.675923061,31,170,517.692,-389.708,2492.14,2575,
0,1758722394.695873314,31,170,511.862,-385.319,2464.07,2546,
0,1758722394.715839267,31,170,513.872,-386.833,2473.75,2556,
0,1758722394.735836942,31,170,517.692,-389.708,2492.14,2575,
0,1758722394.755904080,31,170,517.692,-389.708,2492.14,2575,
0,1758722394.775877301,31,170,511.862,-385.319,2464.07,2546,
0,1758722394.795896287,31,170,512.867,-386.076,2468.91,2551,
0,1758722394.815787615,31,170,515.681,-388.195,2482.46,2565,
0,1758722394.835829199,31,170,512.867,-386.076,2468.91,2551,
0,1758722394.855916580,31,170,512.867,-386.076,2468.91,2551,
0,1758722394.875839173,31,170,512.867,-386.076,2468.91,2551,
0,1758722394.895879042,31,170,517.692,-389.708,2492.14,2575,
0,1758722394.915846590,31,170,518.496,-390.314,2496.01,2579,
0,1758722394.935873840,31,170,516.687,-388.952,2487.3,2570,
0,1758722394.955900073,31,170,508.243,-382.595,2446.65,2528,
0,1758722394.975905808,31,170,513.872,-386.833,2473.75,2556,
0,1758722394.995834079,31,170,516.687,-388.952,2487.3,2570,
0,1758722395.15794045,31,170,516.687,-388.952,2487.3,2570,
0,1758722395.35864058,31,170,512.867,-386.076,2468.91,2551,
0,1758722395.55898762,31,170,512.867,-386.076,2468.91,2551,
0,1758722395.75859547,31,170,516.687,-388.952,2487.3,2570,
0,1758722395.95890366,31,170,512.867,-386.076,2468.91,2551,
0,1758722395.115801030,31,170,511.862,-385.319,2464.07,2546,
0,1758722395.135823047,31,170,508.243,-382.595,2446.65,2528,
0,1758722395.155901217,31,170,513.872,-386.833,2473.75,2556,
0,1758722395.175882080,31,170,510.052,-383.957,2455.36,2537,
0,1758722395.195932010,31,170,517.692,-389.708,2492.14,2575,
0,1758722395.215779646,31,170,511.057,-384.714,2460.2,2542,
0,1758722395.235944568,31,170,515.681,-388.195,2482.46,2565,
0,1758722395.255791920,31,170,510.052,-383.957,2455.36,2537,
0,1758722395.275900590,31,170,510.052,-383.957,2455.36,2537,
0,1758722395.296036711,31,170,510.052,-383.957,2455.36,2537,
0,1758722395.315811001,31,170,518.496,-390.314,2496.01,2579,
0,1758722395.335815697,31,170,510.052,-383.957,2455.36,2537,
0,1758722395.355853270,31,170,511.057,-384.714,2460.2,2542,
0,1758722395.375853589,31,170,515.681,-388.195,2482.46,2565,
0,1758722395.396032674,31,170,515.681,-388.195,2482.46,2565,
0,1758722395.415741071,31,170,514.676,-387.438,2477.62,2560,
0,1758722395.435812466,31,170,510.052,-383.957,2455.36,2537,
0,1758722395.455863156,31,170,511.862,-385.319,2464.07,2546,
0,1758722395.475908308,31,170,511.862,-385.319,2464.07,2546,
0,1758722395.495950079,31,170,518.496,-390.314,2496.01,2579,
0,1758722395.515740603,31,170,510.052,-383.957,2455.36,2537,
0,1758722395.535795052,31,170,510.052,-383.957,2455.36,2537,
0,1758722395.555866436,31,170,512.867,-386.076,2468.91,2551,
0,1758722395.575958056,31,170,513.872,-386.833,2473.75,2556,
0,1758722395.596018305,31,170,515.681,-388.195,2482.46,2565,
0,1758722395.615731871,31,170,513.872,-386.833,2473.75,2556,
0,1758722395.635840427,31,170,516.687,-388.952,2487.3,2570,
0,1758722395.655873820,31,170,512.867,-386.076,2468.91,2551,
0,1758722395.675757938,31,170,519.501,-391.07,2500.85,2584,
0,1758722395.695765160,31,170,513.872,-386.833,2473.75,2556,
0,1758722395.715721385,31,170,509.047,-383.201,2450.52,2532,
0,1758722395.735821296,31,170,515.681,-388.195,2482.46,2565,
0,1758722395.755872700,31,170,513.872,-386.833,2473.75,2556,
0,1758722395.775782695,31,170,516.687,-388.952,2487.3,2570,
0,1758722395.795931887,31,170,516.687,-388.952,2487.3,2570,
0,1758722395.815717157,31,170,518.496,-390.314,2496.01,2579,
0,1758722395.835835792,31,170,517.692,-389.708,2492.14,2575,
0,1758722395.855798533,31,170,513.872,-386.833,2473.75,2556,
0,1758722395.875803426,31,170,510.052,-383.957,2455.36,2537,
0,1758722395.895909023,31,170,520.506,-391.827,2505.69,2589,
0,1758722395.915887206,31,170,515.681,-388.195,2482.46,2565,
0,1758722395.935802882,31,170,512.867,-386.076,2468.91,2551,
0,1758722395.955890506,31,170,512.867,-386.076,2468.91,2551,
0,1758722395.975886845,31,170,515.681,-388.195,2482.46,2565,
0,1758722395.995933034,31,170,513.872,-386.833,2473.75,2556,
0,1758722396.15828757,31,170,512.867,-386.076,2468.91,2551,
0,1758722396.35814226,31,170,513.872,-386.833,2473.75,2556,
0,1758722396.55909327,31,170,513.872,-386.833,2473.75,2556,
0,1758722396.75917946,31,170,517.692,-389.708,2492.14,2575,
0,1758722396.95976208,31,170,513.872,-386.833,2473.75,2556,
0,1758722396.115810375,31,170,514.676,-387.438,2477.62,2560,
0,1758722396.135846398,31,170,511.862,-385.319,2464.07,2546,
0,1758722396.155847470,31,170,513.872,-386.833,2473.75,2556,
0,1758722396.175843777,31,170,511.057,-384.714,2460.2,2542,
0,1758722396.195856107,31,170,518.496,-390.314,2496.01,2579,
0,1758722396.215801426,31,170,513.872,-386.833,2473.75,2556,
0,1758722396.235855950,31,170,514.676,-387.438,2477.62,2560,
0,1758722396.255839894,31,170,515.681,-388.195,2482.46,2565,
0,1758722396.275923903,31,170,513.872,-386.833,2473.75,2556,
0,1758722396.295833298,31,170,511.057,-384.714,2460.2,2542,
0,1758722396.315829922,31,170,511.057,-384.714,2460.2,2542,
0,1758722396.335764805,31,170,511.057,-384.714,2460.2,2542,
0,1758722396.355902123,31,170,517.692,-389.708,2492.14,2575,
0,1758722396.375843055,31,170,513.872,-386.833,2473.75,2556,
0,1758722396.395796219,31,170,513.872,-386.833,2473.75,2556,
0,1758722396.415864184,31,170,515.681,-388.195,2482.46,2565,
0,1758722396.435856475,31,170,518.496,-390.314,2496.01,2579,
0,1758722396.455830947,31,170,518.496,-390.314,2496.01,2579,
0,1758722396.475898806,31,170,513.872,-386.833,2473.75,2556,
0,1758722396.495881214,31,170,516.687,-388.952,2487.3,2570,
0,1758722396.515920446,31,170,517.692,-389.708,2492.14,2575,
0,1758722396.535843025,31,170,519.501,-391.07,2500.85,2584,
0,1758722396.555825218,31,170,518.496,-390.314,2496.01,2579,
0,1758722396.575942232,31,170,518.496,-390.314,2496.01,2579,
0,1758722396.595906820,31,170,517.692,-389.708,2492.14,2575,
0,1758722396.615849258,31,170,516.687,-388.952,2487.3,2570,
0,1758722396.635871778,31,170,520.506,-391.827,2505.69,2589,
0,1758722396.655965045,31,170,510.052,-383.957,2455.36,2537,
0,1758722396.675898512,31,170,516.687,-388.952,2487.3,2570,
0,1758722396.695862529,31,170,517.692,-389.708,2492.14,2575,
0,1758722396.715864438,31,170,515.681,-388.195,2482.46,2565,
0,1758722396.735836378,31,170,511.057,-384.714,2460.2,2542,
0,1758722396.755914278,31,170,516.687,-388.952,2487.3,2570,
0,1758722396.775851459,31,170,513.872,-386.833,2473.75,2556,
0,1758722396.795766383,31,170,513.872,-386.833,2473.75,2556,
0,1758722396.815788729,31,170,511.862,-385.319,2464.07,2546,
0,1758722396.835880502,31,170,511.862,-385.319,2464.07,2546,
0,1758722396.855895780,31,170,514.676,-387.438,2477.62,2560,
0,1758722396.875843741,31,170,516.687,-388.952,2487.3,2570,
0,1758722396.895794041,31,170,519.501,-391.07,2500.85,2584,
0,1758722396.915836160,31,170,512.867,-386.076,2468.91,2551,
0,1758722396.935839820,31,170,513.872,-386.833,2473.75,2556,
0,1758722396.955888700,31,170,510.052,-383.957,2455.36,2537,
0,1758722396.975905478,31,170,513.872,-386.833,2473.75,2556,
0,1758722396.995833914,31,170,515.681,-388.195,2482.46,2565,
0,1758722397.15951765,31,170,515.681,-388.195,2482.46,2565,
0,1758722397.35823081,31,170,514.676,-387.438,2477.62,2560,
0,1758722397.55880268,31,170,516.687,-388.952,2487.3,2570,
0,1758722397.75775752,31,170,514.676,-387.438,2477.62,2560,
0,1758722397.95927516,31,170,514.676,-387.438,2477.62,2560,
0,1758722397.115941864,31,170,513.872,-386.833,2473.75,2556,
0,1758722397.135824112,31,170,513.872,-386.833,2473.75,2556,
0,1758722397.155898290,31,170,515.681,-388.195,2482.46,2565,
0,1758722397.175834859,31,170,519.501,-391.07,2500.85,2584,
0,1758722397.195804554,31,170,516.687,-388.952,2487.3,2570,
0,1758722397.215913285,31,170,517.692,-389.708,2492.14,2575,
0,1758722397.235874809,31,170,514.676,-387.438,2477.62,2560,
0,1758722397.255868461,31,170,514.676,-387.438,2477.62,2560,
0,1758722397.275882052,31,170,517.692,-389.708,2492.14,2575,
0,1758722397.295888958,31,170,513.872,-386.833,2473.75,2556,
0,1758722397.315907976,31,170,515.681,-388.195,2482.46,2565,
0,1758722397.335788987,31,170,516.687,-388.952,2487.3,2570,
0,1758722397.355829077,31,170,516.687,-388.952,2487.3,2570,
0,1758722397.375913766,31,170,518.496,-390.314,2496.01,2579,
0,1758722397.395890260,31,170,514.676,-387.438,2477.62,2560,
0,1758722397.415801624,31,170,514.676,-387.438,2477.62,2560,
0,1758722397.435806297,31,170,511.862,-385.319,2464.07,2546,
0,1758722397.455869380,31,170,518.496,-390.314,2496.01,2579,
0,1758722397.475921542,31,170,511.862,-385.319,2464.07,2546,
0,1758722397.495850365,31,170,518.496,-390.314,2496.01,2579,
0,1758722397.515877549,31,170,514.676,-387.438,2477.62,2560,
0,1758722397.535819190,31,170,513.872,-386.833,2473.75,2556,
0,1758722397.555852472,31,170,513.872,-386.833,2473.75,2556,
0,1758722397.575927045,31,170,517.692,-389.708,2492.14,2575,
0,1758722397.595840442,31,170,516.687,-388.952,2487.3,2570,
0,1758722397.615933562,31,170,516.687,-388.952,2487.3,2570,
0,1758722397.635810116,31,170,510.052,-383.957,2455.36,2537,
0,1758722397.655875637,31,170,522.316,-393.189,2514.4,2598,
0,1758722397.675908928,31,170,514.676,-387.438,2477.62,2560,
0,1758722397.695807719,31,170,511.862,-385.319,2464.07,2546,
0,1758722397.715918373,31,170,520.506,-391.827,2505.69,2589,
0,1758722397.735978489,31,170,512.867,-386.076,2468.91,2551,
0,1758722397.755886323,31,170,511.862,-385.319,2464.07,2546,
0,1758722397.775917865,31,170,512.867,-386.076,2468.91,2551,
0,1758722397.795905906,31,170,511.862,-385.319,2464.07,2546,
0,1758722397.815914328,31,170,513.872,-386.833,2473.75,2556,
0,1758722397.835867076,31,170,517.692,-389.708,2492.14,2575,
0,1758722397.855819252,31,170,514.676,-387.438,2477.62,2560,
0,1758722397.875956774,31,170,514.676,-387.438,2477.62,2560,
0,1758722397.895925096,31,170,518.496,-390.314,2496.01,2579,
0,1758722397.915909883,31,170,511.862,-385.319,2464.07,2546,
0,1758722397.935765302,31,170,517.692,-389.708,2492.14,2575,
0,1758722397.955854376,31,170,520.506,-391.827,2505.69,2589,
0,1758722397.975885088,31,170,517.692,-389.708,2492.14,2575,
0,1758722397.995943434,31,170,518.496,-390.314,2496.01,2579,
0,1758722398.15821644,31,170,516.687,-388.952,2487.3,2570,
0,1758722398.35851790,31,170,516.687,-388.952,2487.3,2570,
0,1758722398.55728422,31,170,516.687,-388.952,2487.3,2570,
0,1758722398.75718564,31,170,516.687,-388.952,2487.3,2570,
0,1758722398.95715844,31,170,517.692,-389.708,2492.14,2575,
0,1758722398.115717035,31,170,518.496,-390.314,2496.01,2579,
0,1758722398.135840732,31,170,518.496,-390.314,2496.01,2579,
0,1758722398.155715780,31,170,516.687,-388.952,2487.3,2570,
0,1758722398.175719530,31,170,514.676,-387.438,2477.62,2560,
0,1758722398.195714602,31,170,514.676,-387.438,2477.62,2560,
0,1758722398.215719072,31,170,518.496,-390.314,2496.01,2579,
0,1758722398.235791386,31,170,514.676,-387.438,2477.62,2560,
0,1758722398.255701640,31,170,513.872,-386.833,2473.75,2556,
0,1758722398.275714143,31,170,518.496,-390.314,2496.01,2579,
0,1758722398.295752258,31,170,514.676,-387.438,2477.62,2560,
0,1758722398.315801304,31,170,516.687,-388.952,2487.3,2570,
0,1758722398.335807827,31,170,514.676,-387.438,2477.62,2560,
0,1758722398.355728256,31,170,510.052,-383.957,2455.36,2537,
0,1758722398.375822927,31,170,511.057,-384.714,2460.2,2542,
0,1758722398.395743857,31,170,511.057,-384.714,2460.2,2542,
0,1758722398.415967429,31,170,511.862,-385.319,2464.07,2546,
0,1758722398.435951871,31,170,515.681,-388.195,2482.46,2565,
0,1758722398.455921224,31,170,517.692,-389.708,2492.14,2575,
0,1758722398.475928146,31,170,512.867,-386.076,2468.91,2551,
0,1758722398.495949996,31,170,514.676,-387.438,2477.62,2560,
0,1758722398.515870280,31,170,516.687,-388.952,2487.3,2570,
0,1758722398.535867314,31,170,519.501,-391.07,2500.85,2584,
0,1758722398.555848949,31,170,511.057,-384.714,2460.2,2542,
0,1758722398.575840078,31,170,512.867,-386.076,2468.91,2551,
0,1758722398.595921300,31,170,519.501,-391.07,2500.85,2584,
0,1758722398.615922235,31,170,514.676,-387.438,2477.62,2560,
0,1758722398.635846402,31,170,511.057,-384.714,2460.2,2542,
0,1758722398.655824338,31,170,511.057,-384.714,2460.2,2542,
0,1758722398.675798220,31,170,511.057,-384.714,2460.2,2542,
0,1758722398.695858307,31,170,516.687,-388.952,2487.3,2570,
0,1758722398.715891633,31,170,513.872,-386.833,2473.75,2556,
0,1758722398.735818740,31,170,512.867,-386.076,2468.91,2551,
0,1758722398.755831590,31,170,520.506,-391.827,2505.69,2589,
0,1758722398.775896719,31,170,523.321,-393.946,2519.24,2603,
0,1758722398.795851379,31,170,519.501,-391.07,2500.85,2584,
0,1758722398.815926001,31,170,513.872,-386.833,2473.75,2556,
0,1758722398.835849261,31,170,511.862,-385.319,2464.07,2546,
0,1758722398.855833197,31,170,511.057,-384.714,2460.2,2542,
0,1758722398.875950182,31,170,514.676,-387.438,2477.62,2560,
0,1758722398.895814030,31,170,511.862,-385.319,2464.07,2546,
0,1758722398.915997639,31,170,511.862,-385.319,2464.07,2546,
0,1758722398.935889782,31,170,513.872,-386.833,2473.75,2556,
0,1758722398.955843182,31,170,511.862,-385.319,2464.07,2546,
0,1758722398.975866315,31,170,513.872,-386.833,2473.75,2556,
0,1758722398.995740413,31,170,517.692,-389.708,2492.14,2575,
0,1758722399.15747143,31,170,519.501,-391.07,2500.85,2584,
0,1758722399.35920558,31,170,510.052,-383.957,2455.36,2537,
0,1758722399.55793435,31,170,512.867,-386.076,2468.91,2551,
0,1758722399.75747554,31,170,515.681,-388.195,2482.46,2565,
0,1758722399.95705124,31,170,512.867,-386.076,2468.91,2551,
0,1758722399.115968527,31,170,513.872,-386.833,2473.75,2556,
0,1758722399.135961791,31,170,515.681,-388.195,2482.46,2565,
0,1758722399.156204512,31,170,511.057,-384.714,2460.2,2542,
0,1758722399.175950853,31,170,511.057,-384.714,2460.2,2542,
0,1758722399.195978515,31,170,518.496,-390.314,2496.01,2579,
0,1758722399.216016826,31,170,516.687,-388.952,2487.3,2570,
0,1758722399.235776281,31,170,511.862,-385.319,2464.07,2546,
0,1758722399.255902011,31,170,515.681,-388.195,2482.46,2565,
0,1758722399.275933187,31,170,511.862,-385.319,2464.07,2546,
0,1758722399.295942748,31,170,515.681,-388.195,2482.46,2565,
0,1758722399.315937705,31,170,514.676,-387.438,2477.62,2560,
0,1758722399.335866909,31,170,518.496,-390.314,2496.01,2579,
0,1758722399.355799959,31,170,511.057,-384.714,2460.2,2542,
0,1758722399.375821335,31,170,514.676,-387.438,2477.62,2560,
0,1758722399.395871478,31,170,514.676,-387.438,2477.62,2560,
0,1758722399.415868503,31,170,512.867,-386.076,2468.91,2551,
0,1758722399.435967166,31,170,512.867,-386.076,2468.91,2551,
0,1758722399.455899558,31,170,514.676,-387.438,2477.62,2560,
0,1758722399.475883690,31,170,512.867,-386.076,2468.91,2551,
0,1758722399.495881514,31,170,512.867,-386.076,2468.91,2551,
0,1758722399.515942695,31,170,511.862,-385.319,2464.07,2546,
0,1758722399.536215138,31,170,513.872,-386.833,2473.75,2556,
0,1758722399.555764415,31,170,511.862,-385.319,2464.07,2546,
0,1758722399.575921607,31,170,517.692,-389.708,2492.14,2575,
0,1758722399.595899259,31,170,512.867,-386.076,2468.91,2551,
0,1758722399.616191306,31,170,504.423,-379.72,2428.26,2509,
0,1758722399.635979247,31,170,507.237,-381.839,2441.81,2523,
0,1758722399.655776093,31,170,511.057,-384.714,2460.2,2542,
0,1758722399.675855004,31,170,511.057,-384.714,2460.2,2542,
0,1758722399.695887460,31,170,511.057,-384.714,2460.2,2542,
0,1758722399.715989102,31,170,514.676,-387.438,2477.62,2560,
0,1758722399.735868123,31,170,511.862,-385.319,2464.07,2546,
0,1758722399.755788537,31,170,512.867,-386.076,2468.91,2551,
0,1758722399.775868938,31,170,516.687,-388.952,2487.3,2570,
0,1758722399.795881230,31,170,514.676,-387.438,2477.62,2560,
0,1758722399.815965888,31,170,514.676,-387.438,2477.62,2560,
0,1758722399.835897824,31,170,511.057,-384.714,2460.2,2542,
0,1758722399.855833180,31,170,511.862,-385.319,2464.07,2546,
0,1758722399.875906112,31,170,515.681,-388.195,2482.46,2565,
0,1758722399.895959173,31,170,511.862,-385.319,2464.07,2546,
0,1758722399.916157780,31,170,512.867,-386.076,2468.91,2551,
0,1758722399.935946228,31,170,515.681,-388.195,2482.46,2565,
0,1758722399.956143837,31,170,515.681,-388.195,2482.46,2565,
0,1758722399.975939381,31,170,511.862,-385.319,2464.07,2546,
0,1758722399.995891685,31,170,508.243,-382.595,2446.65,2528,
0,1758722400.15768044,31,170,516.687,-388.952,2487.3,2570,
0,1758722400.35782539,31,170,513.872,-386.833,2473.75,2556,
0,1758722400.55680876,31,170,506.232,-381.082,2436.97,2518,
0,1758722400.75760596,31,170,509.047,-383.201,2450.52,2532,
0,1758722400.95780824,31,170,513.872,-386.833,2473.75,2556,
0,1758722400.115829616,31,170,513.872,-386.833,2473.75,2556,
0,1758722400.135886275,31,170,515.681,-388.195,2482.46,2565,
0,1758722400.155854836,31,170,506.232,-381.082,2436.97,2518,
0,1758722400.175864204,31,170,510.052,-383.957,2455.36,2537,
0,1758722400.195828168,31,170,509.047,-383.201,2450.52,2532,
0,1758722400.215908825,31,170,509.047,-383.201,2450.52,2532,
0,1758722400.235873262,31,170,504.423,-379.72,2428.26,2509,
0,1758722400.255920486,31,170,507.237,-381.839,2441.81,2523,
0,1758722400.275924185,31,170,510.052,-383.957,2455.36,2537,
0,1758722400.295890200,31,170,511.057,-384.714,2460.2,2542,
0,1758722400.316017028,31,170,507.237,-381.839,2441.81,2523,
0,1758722400.335804795,31,170,514.676,-387.438,2477.62,2560,
0,1758722400.355966123,31,170,518.496,-390.314,2496.01,2579,
0,1758722400.375749245,31,170,512.867,-386.076,2468.91,2551,
0,1758722400.395848848,31,170,512.867,-386.076,2468.91,2551,
0,1758722400.415919433,31,170,515.681,-388.195,2482.46,2565,
0,1758722400.435905650,31,170,522.316,-393.189,2514.4,2598,
0,1758722400.455857791,31,170,513.872,-386.833,2473.75,2556,
0,1758722400.475890749,31,170,513.872,-386.833,2473.75,2556,
0,1758722400.495870944,31,170,511.057,-384.714,2460.2,2542,
0,1758722400.515950777,31,170,507.237,-381.839,2441.81,2523,
0,1758722400.535849815,31,170,511.862,-385.319,2464.07,2546,
0,1758722400.555899902,31,170,504.423,-379.72,2428.26,2509,
0,1758722400.575879570,31,170,511.057,-384.714,2460.2,2542,
0,1758722400.595892067,31,170,511.057,-384.714,2460.2,2542,
0,1758722400.615855713,31,170,512.867,-386.076,2468.91,2551,
0,1758722400.635849605,31,170,511.862,-385.319,2464.07,2546,
0,1758722400.655938255,31,170,514.676,-387.438,2477.62,2560,
0,1758722400.675816152,31,170,512.867,-386.076,2468.91,2551,
0,1758722400.695891405,31,170,513.872,-386.833,2473.75,2556,
0,1758722400.715855500,31,170,510.052,-383.957,2455.36,2537,
0,1758722400.735948979,31,170,510.052,-383.957,2455.36,2537,
0,1758722400.755892486,31,170,509.047,-383.201,2450.52,2532,
0,1758722400.775877277,31,170,513.872,-386.833,2473.75,2556,
0,1758722400.795925973,31,170,510.052,-383.957,2455.36,2537,
0,1758722400.815828198,31,170,511.862,-385.319,2464.07,2546,
0,1758722400.835940415,31,170,514.676,-387.438,2477.62,2560,
0,1758722400.855864184,31,170,513.872,-386.833,2473.75,2556,
0,1758722400.875913135,31,170,512.867,-386.076,2468.91,2551,
0,1758722400.895841987,31,170,512.867,-386.076,2468.91,2551,
0,1758722400.915872065,31,170,511.057,-384.714,2460.2,2542,
0,1758722400.935861699,31,170,511.057,-384.714,2460.2,2542,
0,1758722400.955916393,31,170,512.867,-386.076,2468.91,2551,
0,1758722400.975851043,31,170,512.867,-386.076,2468.91,2551,
0,1758722400.995735435,31,170,512.867,-386.076,2468.91,2551,
0,1758722401.15769869,31,170,511.057,-384.714,2460.2,2542,
0,1758722401.35734504,31,170,511.057,-384.714,2460.2,2542,
0,1758722401.55766668,31,170,511.057,-384.714,2460.2,2542,
0,1758722401.75744953,31,170,513.872,-386.833,2473.75,2556,
0,1758722401.95883912,31,170,511.057,-384.714,2460.2,2542,
0,1758722401.115777504,31,170,510.052,-383.957,2455.36,2537,
0,1758722401.135747417,31,170,511.057,-384.714,2460.2,2542,
0,1758722401.155826579,31,170,513.872,-386.833,2473.75,2556,
0,1758722401.175823485,31,170,513.872,-386.833,2473.75,2556,
0,1758722401.195854338,31,170,511.862,-385.319,2464.07,2546,
0,1758722401.215888263,31,170,512.867,-386.076,2468.91,2551,
0,1758722401.235833155,31,170,517.692,-389.708,2492.14,2575,
0,1758722401.255986765,31,170,517.692,-389.708,2492.14,2575,
0,1758722401.275830934,31,170,512.867,-386.076,2468.91,2551,
0,1758722401.295937922,31,170,511.057,-384.714,2460.2,2542,
0,1758722401.315797326,31,170,513.872,-386.833,2473.75,2556,
0,1758722401.335784446,31,170,511.862,-385.319,2464.07,2546,
0,1758722401.356164356,31,170,515.681,-388.195,2482.46,2565,
0,1758722401.375860494,31,170,514.676,-387.438,2477.62,2560,
0,1758722401.396008578,31,170,515.681,-388.195,2482.46,2565,
0,1758722401.415917262,31,170,511.862,-385.319,2464.07,2546,
0,1758722401.436030335,31,170,511.057,-384.714,2460.2,2542,
0,1758722401.456006506,31,170,513.872,-386.833,2473.75,2556,
0,1758722401.475805114,31,170,511.057,-384.714,2460.2,2542,
0,1758722401.495856670,31,170,511.862,-385.319,2464.07,2546,
0,1758722401.515869604,31,170,511.862,-385.319,2464.07,2546,
0,1758722401.535912185,31,170,515.681,-388.195,2482.46,2565,
0,1758722401.555820678,31,170,514.676,-387.438,2477.62,2560,
0,1758722401.575817453,31,170,511.862,-385.319,2464.07,2546,
0,1758722401.595867004,31,170,510.052,-383.957,2455.36,2537,
0,1758722401.615887041,31,170,511.862,-385.319,2464.07,2546,
0,1758722401.635854171,31,170,511.862,-385.319,2464.07,2546,
0,1758722401.655855954,31,170,511.057,-384.714,2460.2,2542,
0,1758722401.675717246,31,170,510.052,-383.957,2455.36,2537,
0,1758722401.695858712,31,170,511.057,-384.714,2460.2,2542,
0,1758722401.715748675,31,170,504.423,-379.72,2428.26,2509,
0,1758722401.735939080,31,170,511.057,-384.714,2460.2,2542,
0,1758722401.755871536,31,170,511.862,-385.319,2464.07,2546,
0,1758722401.775873383,31,170,511.862,-385.319,2464.07,2546,
0,1758722401.795922905,31,170,511.057,-384.714,2460.2,2542,
0,1758722401.815999921,31,170,515.681,-388.195,2482.46,2565,
0,1758722401.835864018,31,170,513.872,-386.833,2473.75,2556,
0,1758722401.855977122,31,170,511.862,-385.319,2464.07,2546,
0,1758722401.875903834,31,170,514.676,-387.438,2477.62,2560,
0,1758722401.895805948,31,170,508.243,-382.595,2446.65,2528,
0,1758722401.915898174,31,170,513.872,-386.833,2473.75,2556,
0,1758722401.935856364,31,170,511.862,-385.319,2464.07,2546,
0,1758722401.955874947,31,170,506.232,-381.082,2436.97,2518,
0,1758722401.975876261,31,170,519.501,-391.07,2500.85,2584,
0,1758722401.995834287,31,170,516.687,-388.952,2487.3,2570,
0,1758722402.15824717,31,170,507.237,-381.839,2441.81,2523,
0,1758722402.35855154,31,170,507.237,-381.839,2441.81,2523,
0,1758722402.55848830,31,170,513.872,-386.833,2473.75,2556,
0,1758722402.75879942,31,170,516.687,-388.952,2487.3,2570,
0,1758722402.95845918,31,170,507.237,-381.839,2441.81,2523,
0,1758722402.115931803,31,170,513.872,-386.833,2473.75,2556,
0,1758722402.135906836,31,170,514.676,-387.438,2477.62,2560,
0,1758722402.155849183,31,170,514.676,-387.438,2477.62,2560,
0,1758722402.175887910,31,170,514.676,-387.438,2477.62,2560,
0,1758722402.195942164,31,170,510.052,-383.957,2455.36,2537,
0,1758722402.215923525,31,170,506.232,-381.082,2436.97,2518,
0,1758722402.236073875,31,170,508.243,-382.595,2446.65,2528,
0,1758722402.256005767,31,170,512.867,-386.076,2468.91,2551,
0,1758722402.275911639,31,170,515.681,-388.195,2482.46,2565,
0,1758722403.175860115,31,170,518.496,-390.314,2496.01,2579,
0,1758722403.195743124,31,170,526.136,-396.065,2532.79,2617,
0,1758722403.215745942,31,170,516.687,-388.952,2487.3,2570,
0,1758722403.235726010,31,170,520.506,-391.827,2505.69,2589,
0,1758722403.255842535,31,170,520.506,-391.827,2505.69,2589,
0,1758722403.275832820,31,170,519.501,-391.07,2500.85,2584,
0,1758722403.295787493,31,170,519.501,-391.07,2500.85,2584,
0,1758722403.315801405,31,170,520.506,-391.827,2505.69,2589,
0,1758722403.335884215,31,170,520.506,-391.827,2505.69,2589,
0,1758722403.355891582,31,170,523.321,-393.946,2519.24,2603,
0,1758722403.375812396,31,170,519.501,-391.07,2500.85,2584,
0,1758722403.395899057,31,170,519.501,-391.07,2500.85,2584,
0,1758722403.415823345,31,170,520.506,-391.827,2505.69,2589,
0,1758722403.435866866,31,170,520.506,-391.827,2505.69,2589,
0,1758722403.455844869,31,170,518.496,-390.314,2496.01,2579,
0,1758722403.475856123,31,170,521.311,-392.433,2509.56,2593,
0,1758722403.495775359,31,170,518.496,-390.314,2496.01,2579,
0,1758722403.515822608,31,170,519.501,-391.07,2500.85,2584,
0,1758722403.535774175,31,170,519.501,-391.07,2500.85,2584,
0,1758722403.555731574,31,170,522.316,-393.189,2514.4,2598,
0,1758722403.575784042,31,170,520.506,-391.827,2505.69,2589,
0,1758722403.595719455,31,170,520.506,-391.827,2505.69,2589,
0,1758722403.615818279,31,170,518.496,-390.314,2496.01,2579,
0,1758722403.635971365,31,170,519.501,-391.07,2500.85,2584,
0,1758722403.655935667,31,170,521.311,-392.433,2509.56,2593,
0,1758722403.675963691,31,170,521.311,-392.433,2509.56,2593,
0,1758722403.695931198,31,170,518.496,-390.314,2496.01,2579,
0,1758722403.715825375,31,170,520.506,-391.827,2505.69,2589,
0,1758722403.735807151,31,170,519.501,-391.07,2500.85,2584,
0,1758722403.755791592,31,170,518.496,-390.314,2496.01,2579,
0,1758722403.775920854,31,170,520.506,-391.827,2505.69,2589,
0,1758722403.796003749,31,170,518.496,-390.314,2496.01,2579,
0,1758722403.815846756,31,170,515.681,-388.195,2482.46,2565,
0,1758722403.835842873,31,170,519.501,-391.07,2500.85,2584,
0,1758722403.855893514,31,170,519.501,-391.07,2500.85,2584,
0,1758722403.875916437,31,170,517.692,-389.708,2492.14,2575,
0,1758722403.895986970,31,170,516.687,-388.952,2487.3,2570,
0,1758722403.915920147,31,170,518.496,-390.314,2496.01,2579,
0,1758722403.935866101,31,170,516.687,-388.952,2487.3,2570,
0,1758722403.956020321,31,170,515.681,-388.195,2482.46,2565,
0,1758722403.976005677,31,170,518.496,-390.314,2496.01,2579,
0,1758722403.996122782,31,170,526.136,-396.065,2532.79,2617,
0,1758722404.16006097,31,170,527.945,-397.427,2541.5,2626,
0,1758722404.35851931,31,170,523.321,-393.946,2519.24,2603,
0,1758722404.55846701,31,170,529.755,-398.789,2550.21,2635,
0,1758722404.75886357,31,170,542.018,-408.021,2609.24,2696,
0,1758722404.95759605,31,170,541.214,-407.415,2605.37,2692,
0,1758722404.115752203,31,170,541.214,-407.415,2605.37,2692,
0,1758722404.135799201,31,170,539.204,-405.902,2595.69,2682,
0,1758722404.155824374,31,170,539.204,-405.902,2595.69,2682,
0,1758722404.175874456,31,170,541.214,-407.415,2605.37,2692,
0,1758722404.195828850,31,170,526.136,-396.065,2532.79,2617,
0,1758722404.215804724,31,170,530.76,-399.546,2555.05,2640,
0,1758722404.235927689,31,170,522.316,-393.189,2514.4,2598,
0,1758722404.255986156,31,170,512.867,-386.076,2468.91,2551,
0,1758722404.275946190,31,170,511.862,-385.319,2464.07,2546,
0,1758722404.296047160,31,170,514.676,-387.438,2477.62,2560,
0,1758722404.315920734,31,170,521.311,-392.433,2509.56,2593,
0,1758722404.335956805,31,170,531.765,-400.302,2559.88,2645,
0,1758722404.355743413,31,170,528.95,-398.184,2546.34,2631,
0,1758722404.375906305,31,170,528.95,-398.184,2546.34,2631,
0,1758722404.715865575,31,170,511.862,-385.319,2464.07,2546,
0,1758722404.735814180,31,170,513.872,-386.833,2473.75,2556,
0,1758722404.755840348,31,170,513.872,-386.833,2473.75,2556,
0,1758722404.775854327,31,170,515.681,-388.195,2482.46,2565,
0,1758722404.795859085,31,170,518.496,-390.314,2496.01,2579,
0,1758722404.815852360,31,170,517.692,-389.708,2492.14,2575,
0,1758722404.835809248,31,170,518.496,-390.314,2496.01,2579,
0,1758722404.855803125,31,170,511.862,-385.319,2464.07,2546,
0,1758722404.875758710,31,170,515.681,-388.195,2482.46,2565,
0,1758722404.895816013,31,170,515.681,-388.195,2482.46,2565,
0,1758722404.915807007,31,170,512.867,-386.076,2468.91,2551,
0,1758722404.935842763,31,170,512.867,-386.076,2468.91,2551,
0,1758722404.955810619,31,170,512.867,-386.076,2468.91,2551,
0,1758722404.975826885,31,170,511.862,-385.319,2464.07,2546,
0,1758722404.995896240,31,170,514.676,-387.438,2477.62,2560,
0,1758722405.16168389,31,170,511.862,-385.319,2464.07,2546,
0,1758722405.35928434,31,170,511.862,-385.319,2464.07,2546,
0,1758722405.55901903,31,170,511.057,-384.714,2460.2,2542,
0,1758722405.75929403,31,170,513.872,-386.833,2473.75,2556,
0,1758722405.95823221,31,170,518.496,-390.314,2496.01,2579,
0,1758722405.115770016,31,170,516.687,-388.952,2487.3,2570,
0,1758722405.135760925,31,170,519.501,-391.07,2500.85,2584,
0,1758722405.155785006,31,170,519.501,-391.07,2500.85,2584,
0,1758722405.175841423,31,170,523.321,-393.946,2519.24,2603,
0,1758722405.195957827,31,170,516.687,-388.952,2487.3,2570,
0,1758722405.216161907,31,170,516.687,-388.952,2487.3,2570,
0,1758722405.235946341,31,170,515.681,-388.195,2482.46,2565,
0,1758722405.255954603,31,170,517.692,-389.708,2492.14,2575,
0,1758722405.275820677,31,170,518.496,-390.314,2496.01,2579,
0,1758722405.295826746,31,170,517.692,-389.708,2492.14,2575,
0,1758722405.315807694,31,170,515.681,-388.195,2482.46,2565,
0,1758722405.335800687,31,170,516.687,-388.952,2487.3,2570,
0,1758722405.355814157,31,170,516.687,-388.952,2487.3,2570,
0,1758722405.375873114,31,170,515.681,-388.195,2482.46,2565,
0,1758722405.395815221,31,170,514.676,-387.438,2477.62,2560,
0,1758722405.415801480,31,170,514.676,-387.438,2477.62,2560,
0,1758722405.435796399,31,170,518.496,-390.314,2496.01,2579,
0,1758722405.455844604,31,170,511.057,-384.714,2460.2,2542,
0,1758722405.475886064,31,170,516.687,-388.952,2487.3,2570,
0,1758722405.495932466,31,170,514.676,-387.438,2477.62,2560,
0,1758722405.515916696,31,170,513.872,-386.833,2473.75,2556,
0,1758722405.536036383,31,170,513.872,-386.833,2473.75,2556,
0,1758722405.556016667,31,170,511.057,-384.714,2460.2,2542,
0,1758722406.335822072,31,170,517.692,-389.708,2492.14,2575,
0,1758722406.355766671,31,170,516.687,-388.952,2487.3,2570,
0,1758722406.375848511,31,170,515.681,-388.195,2482.46,2565,
0,1758722406.395908518,31,170,512.867,-386.076,2468.91,2551,
0,1758722406.415948641,31,170,512.867,-386.076,2468.91,2551,
0,1758722406.435941056,31,170,512.867,-386.076,2468.91,2551,
0,1758722406.456062456,31,170,512.867,-386.076,2468.91,2551,
0,1758722406.475848897,31,170,511.057,-384.714,2460.2,2542,
0,1758722406.495821436,31,170,509.047,-383.201,2450.52,2532,
